sruthi,123,12,123456
,,,
abc,abc@gmail.com,12,abc123
,,,
def,def@gmail.com,12,def123
,,,
ghi,ghi@gmail.com,12,ghi123
,,,
sumi,sumi123@gmail.com,12,sumi123
,,,
ghi,ghi@gmail.com,12,ghi123
,,,
jkl,jkl@gmail.com,12,jkl123
,,,
testram,test@gmail.com,12,testram
,,,
plrram,plrram@gmail.com,12,testram123
,,,
chackaoofka,mydadknowsgod@gmail.com,12,QWER1234
,,,
qrs,qrs@gmail.com,12,qrs123
,,,
,,,
pizza,pizza@food.com,12,pasta
popicot,np293903902@gmail.com,12,nopindjebsiw
Sumitra,sumitra@gmail.com,12,Sumitra
cheetah,abc,12,cougar
rods,asdfwe,12,ask
